{"cameraMode":{"drawMode":0,"name":"Shaded","section":"Shading Mode"},"sceneLighting":true,"audioPlay":false,"sceneViewState":{"m_AlwaysRefresh":false,"showFog":true,"showSkybox":true,"showFlares":true,"showImageEffects":true,"showParticleSystems":true,"showVisualEffectGraphs":true,"m_FxEnabled":true},"in2DMode":false,"pivot":{"x":549.9742431640625,"y":213.554931640625,"z":-12.457077026367188},"rotation":{"x":0.004461340140551329,"y":0.13399700820446015,"z":-0.0005966711905784905,"w":0.9909893274307251},"size":227.76686096191407,"orthographic":true}