{"cameraMode":{"drawMode":0,"name":"Shaded","section":"Shading Mode"},"sceneLighting":true,"audioPlay":false,"sceneViewState":{"m_AlwaysRefresh":false,"showFog":true,"showSkybox":true,"showFlares":true,"showImageEffects":true,"showParticleSystems":true,"showVisualEffectGraphs":true,"m_FxEnabled":true},"in2DMode":false,"pivot":{"x":323.54083251953127,"y":126.87667846679688,"z":4.641942977905273},"rotation":{"x":0.0479809008538723,"y":0.006890787743031979,"z":-0.00032857575570233166,"w":0.9988288283348084},"size":334.4803466796875,"orthographic":true}